Workbook

Sheet Объединенные данные
A1: Дата | B1: Территория | C1: Товарооборот, шт | D1: Товарооборот, руб | E1: Количество складов | F1: Количество заказов | G1: Количество клиентов | H1: Товарооборот на склад | I1: Неделя
A2: 43982 | B2: Самара | C2: 7944 | D2: 623971.5 | E2: =VLOOKUP(B2,Лист2!$B:$E,2,FALSE) -> 15 | F2: =VLOOKUP(B2,Лист2!$B:$E,3,FALSE) -> 464 | G2: =VLOOKUP(B2,Лист2!$B:$E,4,FALSE) -> 390 | H2: =IF(E2=0,0,D2/E2) -> 41598.1 | I2: =WEEKNUM(A2,2) -> 22
A3: 43981 | B3: Самара | C3: 10029 | D3: 787101 | E3: =VLOOKUP(B3,Лист2!$B:$E,2,FALSE) -> 15 | F3: =VLOOKUP(B3,Лист2!$B:$E,3,FALSE) -> 464 | G3: =VLOOKUP(B3,Лист2!$B:$E,4,FALSE) -> 390 | H3: =IF(E3=0,0,D3/E3) -> 52473.4 | I3: =WEEKNUM(A3,2) -> 22
A4: 43979 | B4: Самара | C4: 8536.5 | D4: 643944 | E4: =VLOOKUP(B4,Лист2!$B:$E,2,FALSE) -> 15 | F4: =VLOOKUP(B4,Лист2!$B:$E,3,FALSE) -> 464 | G4: =VLOOKUP(B4,Лист2!$B:$E,4,FALSE) -> 390 | H4: =IF(E4=0,0,D4/E4) -> 42929.6 | I4: =WEEKNUM(A4,2) -> 22
A5: 43967 | B5: Кемерово | C5: 38947.5 | D5: 3395892 | E5: =VLOOKUP(B5,Лист2!$B:$E,2,FALSE) -> 18 | F5: =VLOOKUP(B5,Лист2!$B:$E,3,FALSE) -> 1539 | G5: =VLOOKUP(B5,Лист2!$B:$E,4,FALSE) -> 1404 | H5: =IF(E5=0,0,D5/E5) -> 188660.67 | I5: =WEEKNUM(A5,2) -> 20
A6: 43970 | B6: Кемерово | C6: 31842 | D6: 2771116.5 | E6: =VLOOKUP(B6,Лист2!$B:$E,2,FALSE) -> 18 | F6: =VLOOKUP(B6,Лист2!$B:$E,3,FALSE) -> 1539 | G6: =VLOOKUP(B6,Лист2!$B:$E,4,FALSE) -> 1404 | H6: =IF(E6=0,0,D6/E6) -> 153950.92 | I6: =WEEKNUM(A6,2) -> 21
A7: 43968 | B7: Кемерово | C7: 32023.5 | D7: 2882458.5 | E7: =VLOOKUP(B7,Лист2!$B:$E,2,FALSE) -> 18 | F7: =VLOOKUP(B7,Лист2!$B:$E,3,FALSE) -> 1539 | G7: =VLOOKUP(B7,Лист2!$B:$E,4,FALSE) -> 1404 | H7: =IF(E7=0,0,D7/E7) -> 160136.58 | I7: =WEEKNUM(A7,2) -> 20
A8: 43960 | B8: Кемерово | C8: 31147.5 | D8: 2831019 | E8: =VLOOKUP(B8,Лист2!$B:$E,2,FALSE) -> 18 | F8: =VLOOKUP(B8,Лист2!$B:$E,3,FALSE) -> 1539 | G8: =VLOOKUP(B8,Лист2!$B:$E,4,FALSE) -> 1404 | H8: =IF(E8=0,0,D8/E8) -> 157278.83 | I8: =WEEKNUM(A8,2) -> 19
A9: 43955 | B9: Кемерово | C9: 25566 | D9: 2372310 | E9: =VLOOKUP(B9,Лист2!$B:$E,2,FALSE) -> 18 | F9: =VLOOKUP(B9,Лист2!$B:$E,3,FALSE) -> 1539 | G9: =VLOOKUP(B9,Лист2!$B:$E,4,FALSE) -> 1404 | H9: =IF(E9=0,0,D9/E9) -> 131795 | I9: =WEEKNUM(A9,2) -> 19
A10: 43950 | B10: Кемерово | C10: 29319 | D10: 2623480.5 | E10: =VLOOKUP(B10,Лист2!$B:$E,2,FALSE) -> 18 | F10: =VLOOKUP(B10,Лист2!$B:$E,3,FALSE) -> 1539 | G10: =VLOOKUP(B10,Лист2!$B:$E,4,FALSE) -> 1404 | H10: =IF(E10=0,0,D10/E10) -> 145748.92 | I10: =WEEKNUM(A10,2) -> 18
A11: 43953 | B11: Кемерово | C11: 29031 | D11: 2711247 | E11: =VLOOKUP(B11,Лист2!$B:$E,2,FALSE) -> 18 | F11: =VLOOKUP(B11,Лист2!$B:$E,3,FALSE) -> 1539 | G11: =VLOOKUP(B11,Лист2!$B:$E,4,FALSE) -> 1404 | H11: =IF(E11=0,0,D11/E11) -> 150624.83 | I11: =WEEKNUM(A11,2) -> 18
A12: 43977 | B12: Кемерово | C12: 33423 | D12: 2970330 | E12: =VLOOKUP(B12,Лист2!$B:$E,2,FALSE) -> 18 | F12: =VLOOKUP(B12,Лист2!$B:$E,3,FALSE) -> 1539 | G12: =VLOOKUP(B12,Лист2!$B:$E,4,FALSE) -> 1404 | H12: =IF(E12=0,0,D12/E12) -> 165018.33 | I12: =WEEKNUM(A12,2) -> 22
A13: 43952 | B13: Кемерово | C13: 32487 | D13: 3031254 | E13: =VLOOKUP(B13,Лист2!$B:$E,2,FALSE) -> 18 | F13: =VLOOKUP(B13,Лист2!$B:$E,3,FALSE) -> 1539 | G13: =VLOOKUP(B13,Лист2!$B:$E,4,FALSE) -> 1404 | H13: =IF(E13=0,0,D13/E13) -> 168403 | I13: =WEEKNUM(A13,2) -> 18
... A505: 43983 | B505: Новосибирск | C505: 14238 | D505: 1293219 | E505: =VLOOKUP(B505,Лист2!$B:$E,2,FALSE) -> 15 | F505: =VLOOKUP(B505,Лист2!$B:$E,3,FALSE) -> 636 | G505: =VLOOKUP(B505,Лист2!$B:$E,4,FALSE) -> 547 | H505: =IF(E505=0,0,D505/E505) -> 86214.6 | I505: =WEEKNUM(A505,2) -> 23

Sheet Сводная таблица
A1: Неделя | B1: (ВСЕ)
A3: Территория | B3: Сумма Товарооборот, руб | C3: Среднее из Товарооборот на склад | D3: Доля, %
A4: Москва Восток | B4: 738124428 | C4: 390542.03 | D4: 0.14874466
A5: Москва Запад | B5: 7.7414695e+08 | C5: 374889.57 | D5: 0.15600381
A6: Санкт-Петербург Север | B6: 1.3807239e+09 | C6: 315594.03 | D6: 0.27823941
A7: Санкт-Петербург Юг | B7: 1.0356124e+09 | C7: 231163.48 | D7: 0.20869355
A8: Екатеринбург | B8: 2.43409e+08 | C8: 224340.1 | D8: 0.049051065
A9: Казань | B9: 120582837 | C9: 181327.57 | D9: 0.024299498
A10: Волгоград | B10: 218000127 | C10: 173015.97 | D10: 0.043930743
A11: Кемерово | B11: 1.0167354e+08 | C11: 161386.56 | D11: 0.020488951
A12: Нижний Новгород | B12: 95592298 | C12: 160659.33 | D12: 0.019263478
A13: Краснодар | B13: 85862582 | C13: 136289.81 | D13: 0.017302774
A14: Тюмень | B14: 5664156 | C14: 115595.02 | D14: 0.001141424
A15: Тольятти | B15: 33207564 | C15: 94878.754 | D15: 0.0066918904
... A22: Общий итог | B22: 4.9623592e+09 | C22: 188750.12 | D22: 1

Sheet ТОП 3
A1: ТОП - 3 территорий
A2: по доле
A3: Санкт-Петербург Север | B3: 0.27823941
A4: Санкт-Петербург Юг | B4: 0.20869355
A5: Москва Запад | B5: 0.15600381
A6: по товарообороту на склад за последнюю неделю
A7: Москва Восток | B7: 350262.86
A8: Москва Запад | B8: 329921.57
A9: Санкт-Петербург Север | B9: 298062.72

Sheet График
A2: Неделя | B2: Сумма Товарооборот, руб | C2: Среднее из Товарооборот на склад
A3: 18 | B3: 836803032 | C3: 185364.18
A4: 19 | B4: 9.8391541e+08 | C4: 185696.15
A5: 20 | B5: 9.4726301e+08 | C5: 183916.6
A6: 21 | B6: 1.0026919e+09 | C6: 198574.57
A7: 22 | B7: 1.0556535e+09 | C7: 193853.91
A8: 23 | B8: 1.3603238e+08 | C8: 162439.39
A9: Общий итог | B9: 4.9623592e+09 | C9: 188750.12

Sheet Лист2
A1: Дата | B1: Территория | C1: Количество складов | D1: Количество заказов | E1: Количество клиентов
A2: 43949 | B2: Волгоград | C2: 36 | D2: 4923 | E2: 4560
A3: 43949 | B3: Екатеринбург | C3: 31 | D3: 5465 | E3: 5096
A4: 43949 | B4: Казань | C4: 19 | D4: 1846 | E4: 1681
A5: 43949 | B5: Кемерово | C5: 18 | D5: 1539 | E5: 1404
A6: 43949 | B6: Краснодар | C6: 18 | D6: 1505 | E6: 1368
A7: 43949 | B7: Москва Восток | C7: 54 | D7: 12306 | E7: 11532
A8: 43949 | B8: Москва Запад | C8: 59 | D8: 12943 | E8: 12072
A9: 43949 | B9: Нижний Новгород | C9: 17 | D9: 1439 | E9: 1265
A10: 43949 | B10: Новосибирск | C10: 15 | D10: 636 | E10: 547
A11: 43949 | B11: Пермь | C11: 15 | D11: 780 | E11: 690
A12: 43949 | B12: Санкт-Петербург Север | C12: 125 | D12: 20914 | E12: 19479
A13: 43949 | B13: Санкт-Петербург Юг | C13: 128 | D13: 16450 | E13: 15320
... A505: 43983 | B505: Уфа | C505: 6 | D505: 237 | E505: 175
